Ti_0,To_0,Ti_1,To_1,SoC_final,TRCU_final,QRCU_final,PS1_final,PS2_final
0.2601653513977426,0.5382801461287211,0.2601653513977426,0.5382801461287211,0.53200870061618,0.0,0.1,23.359664548968645,23.359664548968645
0.2489060127057606,0.5084868937593489,0.2489060127057606,0.5084868937593489,0.5000000470782532,1.7619804434681094e-05,0.0999999991939528,21.80308120503509,21.80308120503509
0.2376380530245333,0.4786708751247146,0.2376380530245333,0.4786708751247146,0.5,0.0,0.1,20.24504260910616,20.24504260910616
0.232006228431231,0.463768557373713,0.232006228431231,0.463768557373713,0.5,0.0,0.1,19.46638712414054,19.46638712414054
0.2376423631945169,0.4786822573823054,0.2376423631945169,0.4786822573823054,0.5000000470785122,1.761972898908914e-05,0.0999999992046854,20.24577014842585,20.24577014842585
0.2883287844864987,0.6128031170040051,0.2883287844864987,0.6128031170040051,0.50000004707854,1.7619883264420475e-05,0.0999999992118696,27.25366950045652,27.25366950045652
0.4291243996485019,0.9853610616638876,0.4291243996485019,0.9853610616638876,0.5000000470782514,1.7620116269214275e-05,0.0999999992029377,46.72005671316785,46.72005671316785
0.5417579754494586,1.283399700709026,0.5417579754494586,1.283399700709026,0.5000000470783024,1.7620269189796963e-05,0.0999999990713698,62.29264196734843,62.29264196734843
0.6543944671794708,1.5814460556113306,0.6543944671794708,1.5814460556113306,0.5000000470782515,1.759610118594271e-05,0.0999999989100609,77.86572975294,77.86572975294
0.7121871586917758,1.7319414060386964,0.7121871586917758,1.7319414060386964,0.5,1.7319414060386964,0.1,85.65210334621837,85.65210334621837
,,,,,,,,
,,,,,,,,
,,,,,,,,
,,,,,,,,
,,,,,,,,
,,,,,,,,
,,,,,,,,
,,,,,,,,
,,,,,,,,
,,,,,,,,
,,,,,,,,
,,,,,,,,
,,,,,,,,
,,,,,,,,
